# base5w1p_03: same 5 weapons as base6w_03, 6th slot = pilot 'Tactician' (dead-effect card, blocks High by rule) -- dead-card test
# groups: Plasma Rifle, Axe, Sword, Great Axe, Halberd, Tactician

card/Plasma Rifle_Charged Shot
card/Plasma Rifle_Single Shot
card/Plasma Rifle_Plasma Stream
card/Plasma Rifle_Vent
card/Axe_Chop
card/Axe_Hook
card/Axe_Split
card/Axe_Throw
card/Sword_Lunge
card/Sword_Feint
card/Sword_Slice
card/Sword_Parry
card/Great Axe_Cleave
card/Great Axe_Split
card/Great Axe_Whirl
card/Great Axe_Eviscerate
card/Halberd_Crush
card/Halberd_Eviscerate
card/Halberd_Thrust
card/Halberd_Sweep
card/Tactician_Tactical broadcast
card/Tactician_Fog of war
card/Tactician_Set the trap
card/Tactician_Outfox
